_id,Prefrence
Whyin,Black
TomM,Lime
Kyle,Pink
Ian,Yellow
Rafon,Purple
GGards,Pink
sponsz,Brown
Ben P,Pink
Nate,Purple
Emily,Red
Stunlock,White
GrahamLRR,Cyan
Saku,Pink
Nairbly,Lime
ScaldingHotSoup,Pink
Andrew,Cyan
DoubleFried,Pink
nucleosynth,Green
Dix,Lime
Bim,Yellow
Stranjak,White
julie,Brown
SamSherman,Blue
coco,Purple
jorbs,Pink
Eric,Lime
Aberdasher,White
Keaton,Black
Nick,Brown
Pojo,Pink
samie,Yellow
Platypus,Blue
LSV,Red
Eirik,White
JohnnyCatz,Yellow
honk,Red
Murklurker,Purple
DaveWilliams,Black
Ambiance,White
DuckMyInt,Black
Wolf,Orange
AbeyBaby,Brown
zlubars,Green
dokomoy,Cyan
Ahamkara,White
CoolJets,Cyan
Seven,Black
bsweitz,White
Zhoola,Brown
ZJ,Purple
LadyAtarka,Purple
Iroknight,Blue
Seabats,Orange
Squirrel_Loot,Blue
Mullibok,Blue
Zyla,White
LeeSharpe,Red
TomRoss,Lime
niphette,Blue
MurkLurker,Brown
Bonde,Orange
Rada,White
Skadj,Yellow
Dreamy,Pink
rettoto,Purple
Gaby,Pink
BK,Brown
synthe,Yellow
Barnabus,Brown
BennyB,White
BradNelson,Lime
Adrien,Red
dcsports8,Red
TheAsianAvenger,Blue
Corey,Cyan
CALC,Blue
Chosaucer,Yellow
Toffel,Lime
wrapter,Cyan
Oltanya,Lime
Bloody,Purple
Kibler,Orange
Jason,Yellow
LegenVD,Yellow
hafu,Yellow
PANCAKE,Cyan
Scott,Green
HGRose,Blue
Isaac,Purple
Pheylop,Red
SwayingRug,Red
Ryuu,Lime
Bene,Pink
Riley,Blue
flutter,Brown
Trotske,White
Sam,Black
BRazz,Black
Fader,Purple
5up,Pink
FoxBox,Purple
Memes,Green
Voxy,Cyan
Mani,Orange
DBatterskull,Blue
AshlenRose,Black
Colossus,Purple
yoinkster,Orange
